Signature,Time,Action,From,To,Amount,Decimals,TokenAddress
4NPr3LA6Rqfud5c8XokimXNV9duGQ6PavWhe2Y9ryo5pmdiEFhHGzGJhE5bLnBZeUFjiMvTuP2TaGFbzCWWXSds3,1724526712,TRANSFER,39azUYFWPz3VHgKCf3VChUwbpURdCHRxjWVowf5jUJjg,CebN5WGQ4jvEPvsVU4EoHEpgzq1VV7AbicfhtW4xC9iM,2900000000000,9,SOL
4uG3dvzXLr2TYoKGQoPia5k4eE3MATYY2rCirvS3wV7fiZW4JmHWcwR9SaL4wjpiMDTMbPLbZAhWVDckyAmMbXVc,1723491101,TRANSFER,39azUYFWPz3VHgKCf3VChUwbpURdCHRxjWVowf5jUJjg,CebN5WGQ4jvEPvsVU4EoHEpgzq1VV7AbicfhtW4xC9iM,6600000000000,9,SOL
3xtweGYpoJUTGP5zaHmDmqyUj5kJTuEY6SDanmyfNF2G7zt9JLU3fyEYYkq3oMjj2ukBtEHimDtJCwMzCMCVTQRh,1722245299,TRANSFER,39azUYFWPz3VHgKCf3VChUwbpURdCHRxjWVowf5jUJjg,CebN5WGQ4jvEPvsVU4EoHEpgzq1VV7AbicfhtW4xC9iM,1900000000000,9,SOL
5Cj859mLLjdSM9uZ9Zj6Ksb59C4tc3CEMAYUDjrGTU99mjaKRF3vG4fDhKfyh1H5mbiTCaJ529nKCC9u6N1MYR8w,1722245270,TRANSFER,39azUYFWPz3VHgKCf3VChUwbpURdCHRxjWVowf5jUJjg,CebN5WGQ4jvEPvsVU4EoHEpgzq1VV7AbicfhtW4xC9iM,5000000000000,9,SOL
5MXKftsNnZiGnb2N6o1ybKnMWczorxweq6FnGLgr6CPagyS9rbK4oqtahAqFYFN1SZCwb3H9yvaJSXdsNvNDruVP,1720964704,TRANSFER,39azUYFWPz3VHgKCf3VChUwbpURdCHRxjWVowf5jUJjg,CebN5WGQ4jvEPvsVU4EoHEpgzq1VV7AbicfhtW4xC9iM,6300000000000,9,SOL
2SKf4pRjxurbPHfTJ7YdnWfdaYEMmyxPmBizhouWYnovqXkwrWDoGsUBiDEUdMKC5RL7dahNRaSExCgsqZbrssSs,1719789285,TRANSFER,39azUYFWPz3VHgKCf3VChUwbpURdCHRxjWVowf5jUJjg,CebN5WGQ4jvEPvsVU4EoHEpgzq1VV7AbicfhtW4xC9iM,9500000000000,9,SOL
3SAEEe9JdFzKtuiihTrMznmXEpFynvHaTe8x8Lcid5RvV7QhYS2Px5UAC8H8kNaU9XjwPFWXt3ZesrjgQHuVX7Wv,1718319488,TRANSFER,39azUYFWPz3VHgKCf3VChUwbpURdCHRxjWVowf5jUJjg,CebN5WGQ4jvEPvsVU4EoHEpgzq1VV7AbicfhtW4xC9iM,3900000000000,9,SOL
vUUrC3S4N8noJKR4SVrrSfmUzGNweSkcGyqiGjhLQpMxhiUaN53VRPNkkREcpjaiGad4qCj5hn8bZJHXm6ygxMK,1717805998,TRANSFER,39azUYFWPz3VHgKCf3VChUwbpURdCHRxjWVowf5jUJjg,CebN5WGQ4jvEPvsVU4EoHEpgzq1VV7AbicfhtW4xC9iM,2600000000000,9,SOL
8LjBWc1fBqPFtr1Va31RYAah3NwVpJUX6ptD54SjwL32aJ1VKfAZ5Es7AQipC5FwfVmhuhjD8rDwpJD1Pfc8vvA,1717363292,TRANSFER,39azUYFWPz3VHgKCf3VChUwbpURdCHRxjWVowf5jUJjg,CebN5WGQ4jvEPvsVU4EoHEpgzq1VV7AbicfhtW4xC9iM,2300000000000,9,SOL
3tVC4LFsfMVbJwDjw7YkPTRqsKkRy51UbtbLXXoH7YgcH3SpiTPaLSekiGDNbSNCPs3E57i2Z4konuhn7SkxyEg8,1716945683,TRANSFER,39azUYFWPz3VHgKCf3VChUwbpURdCHRxjWVowf5jUJjg,CebN5WGQ4jvEPvsVU4EoHEpgzq1VV7AbicfhtW4xC9iM,4300000000000,9,SOL
